Canteen,Pixel,Stall,Cuisine,Halal,Veg,Food,Price,Opening ,Precinct,Address,Phone,Distance,Signature food,,Seat Capacity,Rating
Ananda Kitchen,,Ananda Kitchen ,Indian,Y,Y,Sweet Corn Veg Soup,3,"Mon to Sun: 12 pm to 10.30 pm
PH: Opened",North Hill Precinct,"60 Nanyang Crescent Blk
 19A #01-02 Singapore 636957",,0, Fish Finger,,90,3
Ananda Kitchen,,Ananda Kitchen ,Indian,Y,N,Hot and Sour Chicken Soup,4.5,"Mon to Sun: 12 pm to 10.30 pm
PH: Opened",North Hill Precinct,"60 Nanyang Crescent Blk
 19A #01-02 Singapore 636957",,0, Fish Finger,,90,3
Ananda Kitchen,,Ananda Kitchen ,Indian,Y,N, Fish Finger,4.2,"Mon to Sun: 12 pm to 10.30 pm
PH: Opened",North Hill Precinct,"60 Nanyang Crescent Blk
 19A #01-02 Singapore 636957",,0, Fish Finger,,90,3
Ananda Kitchen,,Ananda Kitchen ,Indian,Y,N,"Tandoori Chicken,",4.5,"Mon to Sun: 12 pm to 10.30 pm
PH: Opened",North Hill Precinct,"60 Nanyang Crescent Blk
 19A #01-02 Singapore 636957",,0, Fish Finger,,90,3
Ananda Kitchen,,Ananda Kitchen ,Indian,Y,N,Chicken Fried Rice,4,"Mon to Sun: 12 pm to 10.30 pm
PH: Opened",North Hill Precinct,"60 Nanyang Crescent Blk
 19A #01-02 Singapore 636957",,0, Fish Finger,,90,3
Ananda Kitchen,,Ananda Kitchen ,Indian,Y,N,Butter Chicken Masala,4.8,"Mon to Sun: 12 pm to 10.30 pm
PH: Opened",North Hill Precinct,"60 Nanyang Crescent Blk
 19A #01-02 Singapore 636957",,0, Fish Finger,,90,3
Ananda Kitchen,,Ananda Kitchen ,Indian,Y,N,Cheese Naan,3.5,"Mon to Sun: 12 pm to 10.30 pm
PH: Opened",North Hill Precinct,"60 Nanyang Crescent Blk
 19A #01-02 Singapore 636957",,0, Fish Finger,,90,3
Foodgle Food Court,,Mixed Rice,Chinese,N,N,Mixed rice : 1 Meat + 1 Veg + Rice,2.6,"Mon to Sun: 7 am to 9 pm 
PH: Opened",Nanyang Crescent,"38 Nanyang Crescent Blk 23, #051 - 058 
Singapore 636866",8296 3633,0,Lemon Chicken Rice,,440,3.2
Foodgle Food Court,,Mixed Rice,Chinese,N,N,Mixed rice: 1 Meat + 2 Veg + Rice,3.5,"Mon to Sun: 7 am to 9 pm 
PH: Opened",Nanyang Crescent,"38 Nanyang Crescent Blk 23, #051 - 058 
Singapore 636866",8296 3633,0,Lemon Chicken Rice,,440,3.2
Foodgle Food Court,,Mixed Rice,Chinese,N,N,Mixed rice : 2 Veg + Rice,2,"Mon to Sun: 7 am to 9 pm 
PH: Opened",Nanyang Crescent,"38 Nanyang Crescent Blk 23, #051 - 058 
Singapore 636866",8296 3633,0,Lemon Chicken Rice,,440,3.2
Foodgle Food Court,,Chicken Rice,Chinese,N,N,Steamed Chicken Rice,3,"Mon to Sun: 7 am to 9 pm 
PH: Opened",Nanyang Crescent,"38 Nanyang Crescent Blk 23, #051 - 058 
Singapore 636866",8296 3633,0,Lemon Chicken Rice,,440,3.2
Foodgle Food Court,,Chicken Rice,Chinese,N,N,Roasted Chicken Rice,3,"Mon to Sun: 7 am to 9 pm 
PH: Opened",Nanyang Crescent,"38 Nanyang Crescent Blk 23, #051 - 058 
Singapore 636866",8296 3633,0,Lemon Chicken Rice,,440,3.2
Foodgle Food Court,,Chicken Rice,Chinese,N,N,Lemon Chicken Rice,3.2,"Mon to Sun: 7 am to 9 pm 
PH: Opened",Nanyang Crescent,"38 Nanyang Crescent Blk 23, #051 - 058 
Singapore 636866",8296 3633,0,Lemon Chicken Rice,,440,3.2
North Hill Food Court,,Mixed rice,Asian,N,N,Mixed rice : 1 Meat + 1 Veg + Rice,2.1,"Mon to Sun: 7 am to 9 pm
PH: Closed",North Hill Precinct,"60 Nanyang Crescent Blk 21A, 02-02 Singapore 636957",8508 0232,0,Masala Egg Thosai,,440,3.6
North Hill Food Court,,Mixed rice,Asian,N,N,Mixed rice : 1 Meat + 2 Veg + Rice,2.8,"Mon to Sun: 7 am to 9 pm
PH: Closed",North Hill Precinct,"60 Nanyang Crescent Blk 21A, 02-02 Singapore 636957",8508 0232,0,Masala Egg Thosai,,440,3.6
North Hill Food Court,,Mixed rice,Asian,N,N,Mixed rice : 2 Veg + Rice,1.8,"Mon to Sun: 7 am to 9 pm
PH: Closed",North Hill Precinct,"60 Nanyang Crescent Blk 21A, 02-02 Singapore 636957",8508 0232,0,Masala Egg Thosai,,440,3.6
North Hill Food Court,,Noodle/Soup,Chinese,N,N,Fishball Soup (10 pcs),2.9,"Mon to Sun: 7 am to 9 pm
PH: Closed",North Hill Precinct,"60 Nanyang Crescent Blk 21A, 02-02 Singapore 636957",8508 0232,0,Masala Egg Thosai,,440,3.6
North Hill Food Court,,Noodle/Soup,Chinese,N,N,"Teochew Fishball Minced 
Pork Noodle Dry",3,"Mon to Sun: 7 am to 9 pm
PH: Closed",North Hill Precinct,"60 Nanyang Crescent Blk 21A, 02-02 Singapore 636957",8508 0232,0,Masala Egg Thosai,,440,3.6
North Hill Food Court,,Noodle/Soup,Chinese,N,N,"Teochew Fishball Minced 
Pork Noodle Soup",2.8,"Mon to Sun: 7 am to 9 pm
PH: Closed",North Hill Precinct,"60 Nanyang Crescent Blk 21A, 02-02 Singapore 636957",8508 0232,0,Masala Egg Thosai,,440,3.6
North Hill Food Court,,Chicken Rice,Chinese,N,N,Roasted Chicken Rice,2.8,"Mon to Sun: 7 am to 9 pm
PH: Closed",North Hill Precinct,"60 Nanyang Crescent Blk 21A, 02-02 Singapore 636957",8508 0232,0,Masala Egg Thosai,,440,3.6
North Hill Food Court,,Chicken Rice,Chinese,N,N,Roasted Chicken Noodle,2.5,"Mon to Sun: 7 am to 9 pm
PH: Closed",North Hill Precinct,"60 Nanyang Crescent Blk 21A, 02-02 Singapore 636957",8508 0232,0,Masala Egg Thosai,,440,3.6
North Hill Food Court,,Chicken Rice,Chinese,N,N,Steamed Chicken Rice,2.8,"Mon to Sun: 7 am to 9 pm
PH: Closed",North Hill Precinct,"60 Nanyang Crescent Blk 21A, 02-02 Singapore 636957",8508 0232,0,Masala Egg Thosai,,440,3.6
North Hill Food Court,,Yong Tau Foo,Chinese,Y,N,"Yong Tau Foo (5 pieces) 
with Rice/ Noodles",3,"Mon to Sun: 7 am to 9 pm
PH: Closed",North Hill Precinct,"60 Nanyang Crescent Blk 21A, 02-02 Singapore 636957",8508 0232,0,Masala Egg Thosai,,440,3.6
North Hill Food Court,,Yong Tau Foo,Chinese,Y,N,Dumpling Soup,2.5,"Mon to Sun: 7 am to 9 pm
PH: Closed",North Hill Precinct,"60 Nanyang Crescent Blk 21A, 02-02 Singapore 636957",8508 0232,0,Masala Egg Thosai,,440,3.6
North Hill Food Court,,Thosai,Indian,Y,N,Egg Thosai ,1.3,"Mon to Sun: 7 am to 9 pm
PH: Closed",North Hill Precinct,"60 Nanyang Crescent Blk 21A, 02-02 Singapore 636957",8508 0232,0,Masala Egg Thosai,,440,3.6
North Hill Food Court,,Thosai,Indian,Y,N,Masala Thosai,2,"Mon to Sun: 7 am to 9 pm
PH: Closed",North Hill Precinct,"60 Nanyang Crescent Blk 21A, 02-02 Singapore 636957",8508 0232,0,Masala Egg Thosai,,440,3.6
North Hill Food Court,,Thosai,Indian,Y,N,Masala Egg Thosai,2.5,"Mon to Sun: 7 am to 9 pm
PH: Closed",North Hill Precinct,"60 Nanyang Crescent Blk 21A, 02-02 Singapore 636957",8508 0232,0,Masala Egg Thosai,,440,3.6
North Hill Food Court,,Carrot Cake,Chinese,N,N,White Carrot Cake,2.5,"Mon to Sun: 7 am to 9 pm
PH: Closed",North Hill Precinct,"60 Nanyang Crescent Blk 21A, 02-02 Singapore 636957",8508 0232,0,Masala Egg Thosai,,440,3.6
North Hill Food Court,,Carrot Cake,Chinese,N,N,Black Carrot Cake,2.5,"Mon to Sun: 7 am to 9 pm
PH: Closed",North Hill Precinct,"60 Nanyang Crescent Blk 21A, 02-02 Singapore 636957",8508 0232,0,Masala Egg Thosai,,440,3.6
North Hill Food Court,,Carrot Cake,Chinese,N,N,Mixed Carrot Cake,2.9,"Mon to Sun: 7 am to 9 pm
PH: Closed",North Hill Precinct,"60 Nanyang Crescent Blk 21A, 02-02 Singapore 636957",8508 0232,0,Masala Egg Thosai,,440,3.6
North Hill Food Court,,Mee Food,Chinese,N,N,Mee Rebus,2.9,"Mon to Sun: 7 am to 9 pm
PH: Closed",North Hill Precinct,"60 Nanyang Crescent Blk 21A, 02-02 Singapore 636957",8508 0232,0,Masala Egg Thosai,,440,3.6
North Hill Food Court,,Mee Food,Chinese,N,N,Longtong,2.9,"Mon to Sun: 7 am to 9 pm
PH: Closed",North Hill Precinct,"60 Nanyang Crescent Blk 21A, 02-02 Singapore 636957",8508 0232,0,Masala Egg Thosai,,440,3.6
North Hill Food Court,,Mee Food,Chinese,N,N,Mee Siam,2.9,"Mon to Sun: 7 am to 9 pm
PH: Closed",North Hill Precinct,"60 Nanyang Crescent Blk 21A, 02-02 Singapore 636957",8508 0232,0,Masala Egg Thosai,,440,3.6
Pioneer Food Court,,Yong Tau Foo,Chinese,Y,N,"Yong Tau Foo (5 pieces) 
with Rice/ Noodles",3,"Mon to Sun: 7 am to 9 pm
PH: Closed",Pioneer Hall,162 Nanyang Cresent Singapore 637033,,0,Fish Ball Soup,,408,3.3
Pioneer Food Court,,Korean Cuisine,Korean,N,N,Kimbab Rice,4,"Mon to Sun: 7 am to 9 pm
PH: Closed",Pioneer Hall,162 Nanyang Cresent Singapore 637033,,0,Korean Ramyeon,,408,3.3
Pioneer Food Court,,Korean Cuisine,Korean,N,N,Korean Ramyeon,3,"Mon to Sun: 7 am to 9 pm
PH: Closed",Pioneer Hall,162 Nanyang Cresent Singapore 637033,,0,Korean Ramyeon,,408,3.3
Pioneer Food Court,,Korean Cuisine,Korean,N,N,Chicken Fried Rice,4.8,"Mon to Sun: 7 am to 9 pm
PH: Closed",Pioneer Hall,162 Nanyang Cresent Singapore 637033,,0,Korean Ramyeon,,408,3.3
Pioneer Food Court,,Japan Cuisine,Japan,N,N,Ramen,3.6,"Mon to Sun: 7 am to 9 pm
PH: Closed",Pioneer Hall,162 Nanyang Cresent Singapore 637033,,0,Korean Ramyeon,,408,3.3
Quad Cafe,,Mixed Rice,Chinese,N,N,Mixed rice: 1 Meat + 1 Veg + Rice,2.4,"Mon to Fri: 7 am to 9 pm 
Sat: 7 am to 3 pm
Sun & PH: Closed",School of Biological Sciences,60 Nanyang Drive SBS-B1N-10 Singapore 637551,,0,Spicy Beancurd with Rice,,500,4
Quad Cafe,,Mixed Rice,Chinese,N,N,Mixed rice: 1 Meat + 2 Veg + Rice,2.7,"Mon to Fri: 7 am to 9 pm 
Sat: 7 am to 3 pm
Sun & PH: Closed",School of Biological Sciences,60 Nanyang Drive SBS-B1N-10 Singapore 637551,,0,Spicy Beancurd with Rice,,500,4
Quad Cafe,,Mixed Rice,Chinese,N,N,Mixed Rice: 2 Veg + 1 Rice,2.2,"Mon to Fri: 7 am to 9 pm 
Sat: 7 am to 3 pm
Sun & PH: Closed",School of Biological Sciences,60 Nanyang Drive SBS-B1N-10 Singapore 637551,,0,Spicy Beancurd with Rice,,500,4
Quad Cafe,,Noodle,Chinese,N,N,Sichuan Hot & Sour Noodle,2.5,"Mon to Fri: 7 am to 9 pm 
Sat: 7 am to 3 pm
Sun & PH: Closed",School of Biological Sciences,60 Nanyang Drive SBS-B1N-10 Singapore 637551,,0,Spicy Beancurd with Rice,,500,4
Quad Cafe,,Rice Rolls,Japan,N,N,Seaweed Rice Rolls,2.8,"Mon to Fri: 7 am to 9 pm 
Sat: 7 am to 3 pm
Sun & PH: Closed",School of Biological Sciences,60 Nanyang Drive SBS-B1N-10 Singapore 637551,,0,Spicy Beancurd with Rice,,500,4
Quad Cafe,,Korean,Korean,N,N,Korean Ramyeon,3,"Mon to Fri: 7 am to 9 pm 
Sat: 7 am to 3 pm
Sun & PH: Closed",School of Biological Sciences,60 Nanyang Drive SBS-B1N-10 Singapore 637551,,0,Spicy Beancurd with Rice,,500,4
Quad Cafe,,Claypot soup,Chinese,N,N,Watercress Chicken Claypot Vegetable Noodle Soup - $3.00 Soup,3,"Mon to Fri: 7 am to 9 pm 
Sat: 7 am to 3 pm
Sun & PH: Closed",School of Biological Sciences,60 Nanyang Drive SBS-B1N-10 Singapore 637551,,0,Spicy Beancurd with Rice,,500,4
Quad Cafe,,Egg and Rice,Chinese,N,N,Stir-fried Egg & Tomato Rice,3,"Mon to Fri: 7 am to 9 pm 
Sat: 7 am to 3 pm
Sun & PH: Closed",School of Biological Sciences,60 Nanyang Drive SBS-B1N-10 Singapore 637551,,0,Spicy Beancurd with Rice,,500,4
Quad Cafe,,Egg and Rice,Chinese,N,N,"Stir-fried Eggplant, Green Pepper & Potato with Rice",3,"Mon to Fri: 7 am to 9 pm 
Sat: 7 am to 3 pm
Sun & PH: Closed",School of Biological Sciences,60 Nanyang Drive SBS-B1N-10 Singapore 637551,,0,Spicy Beancurd with Rice,,500,4
Quad Cafe,,Vegetable,Chinese,N,Y,Homestyled Tofu with Rice,3,"Mon to Fri: 7 am to 9 pm 
Sat: 7 am to 3 pm
Sun & PH: Closed",School of Biological Sciences,60 Nanyang Drive SBS-B1N-10 Singapore 637551,,0,Spicy Beancurd with Rice,,500,4
Quad Cafe,,Vegetable,Chinese,N,Y,Vegetable Noodle Soup,3,"Mon to Fri: 7 am to 9 pm 
Sat: 7 am to 3 pm
Sun & PH: Closed",School of Biological Sciences,60 Nanyang Drive SBS-B1N-10 Singapore 637551,,0,Spicy Beancurd with Rice,,500,4
Quad Cafe,,Vegetable,Chinese,N,Y,Spicy Beancurd with Rice,3,"Mon to Fri: 7 am to 9 pm 
Sat: 7 am to 3 pm
Sun & PH: Closed",School of Biological Sciences,60 Nanyang Drive SBS-B1N-10 Singapore 637551,,0,Spicy Beancurd with Rice,,500,4
North Spine Plaza,,Bakery Cuisine,Bakery,Y,Y,Plain  Waffle,1.4,"Mon to Fri: 7 am to 9 pm 
Sat, Sun & PH: 9 am to 7 pm",North Spine Plaza,50 Nanyang Avenue NS3-01-20 Singapore 639798,,0,Chese / Butter Waffel,,50,4.6
North Spine Plaza,,Bakery Cuisine,Bakery,Y,Y,Chese / Butter Waffel,1.8,"Mon to Fri: 7 am to 9 pm 
Sat, Sun & PH: 9 am to 7 pm",North Spine Plaza,50 Nanyang Avenue NS3-01-20 Singapore 639798,,0,Chese / Butter Waffel,,50,4.6
North Spine Plaza,,Bakery Cuisine,Bakery,Y,Y,Birthday Cake,32,"Mon to Fri: 7 am to 9 pm 
Sat, Sun & PH: 9 am to 7 pm",North Spine Plaza,50 Nanyang Avenue NS3-01-20 Singapore 639798,,0,Chese / Butter Waffel,,50,4.6
North Spine Plaza,,Bakery Cuisine,Bakery,Y,Y,Coffee Pancake,1.4,"Mon to Fri: 7 am to 9 pm 
Sat, Sun & PH: 9 am to 7 pm",North Spine Plaza,50 Nanyang Avenue NS3-01-20 Singapore 639798,,0,Chese / Butter Waffel,,50,4.6
North Spine Plaza,,Each-a-cup,Beverage,Y,Y,Brown Rice Milk Tea (M),3,"Mon to Fri: 9 am to 9 p.m 
Sat & Sun:  9 am to 6 pm 
PH: Closed",North Spine Plaza,50 Nanyang Avenue NS3-01-21 Singapore 639798,9182 9307,0,Brown Rice Milk Tea (M),,20,4.5
North Spine Plaza,,Each-a-cup,Beverage,Y,Y,Taro Milk Tea (M),3.3,"Mon to Fri: 9 am to 9 p.m 
Sat & Sun:  9 am to 6 pm 
PH: Closed",North Spine Plaza,50 Nanyang Avenue NS3-01-21 Singapore 639798,9182 9307,0,Brown Rice Milk Tea (M),,20,4.5
North Spine Plaza,,Each-a-cup,Beverage,Y,Y,Black Tea Machiato (M),2.7,"Mon to Fri: 9 am to 9 p.m 
Sat & Sun:  9 am to 6 pm 
PH: Closed",North Spine Plaza,50 Nanyang Avenue NS3-01-21 Singapore 639798,9182 9307,0,Brown Rice Milk Tea (M),,20,4.5
North Spine Plaza,,Each-a-cup,Beverage,Y,Y,Pearls Pudding,0.3,"Mon to Fri: 9 am to 9 p.m 
Sat & Sun:  9 am to 6 pm 
PH: Closed",North Spine Plaza,50 Nanyang Avenue NS3-01-21 Singapore 639798,9182 9307,0,Brown Rice Milk Tea (M),,20,4.5
North Spine Plaza,,Each-a-cup,Beverage,Y,Y,Plum Tea (M),2.8,"Mon to Fri: 9 am to 9 p.m 
Sat & Sun:  9 am to 6 pm 
PH: Closed",North Spine Plaza,50 Nanyang Avenue NS3-01-21 Singapore 639798,9182 9307,0,Brown Rice Milk Tea (M),,20,4.5
North Spine Plaza,,Each-a-cup,Beverage,Y,Y,Pearl Milk Tea,3,"Mon to Fri: 9 am to 9 p.m 
Sat & Sun:  9 am to 6 pm 
PH: Closed",North Spine Plaza,50 Nanyang Avenue NS3-01-21 Singapore 639798,9182 9307,0,Brown Rice Milk Tea (M),,20,4.5
North Spine Plaza,,Grande Cibo,Western,N,N,Pasta,15.8,"Mon to Sun: 11 am to 8 pm
PH: Closed",North Spine Plaza,50 Nanyang Avenue NS3-01-23 Singapore 639798,,0,Antipasti,,48,4.2
North Spine Plaza,,Grande Cibo,Western,N,N,Pizza,24.9,"Mon to Sun: 11 am to 8 pm
PH: Closed",North Spine Plaza,50 Nanyang Avenue NS3-01-23 Singapore 639798,,0,Antipasti,,48,4.2
North Spine Plaza,,Grande Cibo,Western,N,N,Red Wine,59,"Mon to Sun: 11 am to 8 pm
PH: Closed",North Spine Plaza,50 Nanyang Avenue NS3-01-23 Singapore 639798,,0,Antipasti,,48,4.2
North Spine Plaza,,Grande Cibo,Western,N,N,Antipasti,19.8,"Mon to Sun: 11 am to 8 pm
PH: Closed",North Spine Plaza,50 Nanyang Avenue NS3-01-23 Singapore 639798,,0,Antipasti,,48,4.2
North Spine Plaza,,KFC,Fast food,Y,N,1 Chicken Meal,5.5,"Mon to Fri: 7.30 am to 10 pm 
Sat & Sun: 11 am to 8 pm 
PH: Closed",North Spine Plaza,76 Nanyang Drive N2.1-01-04 Singapore 637331,6762 6124,0,Zinger Buddy Meal,,999,4.4
North Spine Plaza,,KFC,Fast food,Y,N,3 Wing Meal,5.9,"Mon to Fri: 7.30 am to 10 pm 
Sat & Sun: 11 am to 8 pm 
PH: Closed",North Spine Plaza,77 Nanyang Drive N2.1-01-04 Singapore 637331,6762 6124,0,Zinger Buddy Meal,,999,4.4
North Spine Plaza,,KFC,Fast food,Y,Y,1 Chizza,3.5,"Mon to Fri: 7.30 am to 10 pm 
Sat & Sun: 11 am to 8 pm 
PH: Closed",North Spine Plaza,78 Nanyang Drive N2.1-01-04 Singapore 637331,6762 6124,0,Zinger Buddy Meal,,999,4.4
North Spine Plaza,,KFC,Fast food,Y,Y,Potato Winder,1.5,"Mon to Fri: 7.30 am to 10 pm 
Sat & Sun: 11 am to 8 pm 
PH: Closed",North Spine Plaza,79 Nanyang Drive N2.1-01-04 Singapore 637331,6762 6124,0,Zinger Buddy Meal,,999,4.4
North Spine Plaza,,KFC,Fast food,N,N,Zinger Buddy Meal,13.9,"Mon to Fri: 7.30 am to 10 pm 
Sat & Sun: 11 am to 8 pm 
PH: Closed",North Spine Plaza,80 Nanyang Drive N2.1-01-04 Singapore 637331,6762 6124,0,Zinger Buddy Meal,,999,4.4
North Spine Plaza,,Long John Silver's,Fast food,N,N,Texas Chicken Toast (M),4.5,"Mon to Sun: 7.30 am to 10 pm
PH: Closed",North Spine Plaza,North Spine Plaza 76 Nanyang Drive N2.1-01-05 Singapore 637331,6314 0181,0,Waffle Platter (M),,999,3.8
North Spine Plaza,,Long John Silver's,Fast food,N,N,Double Turkey Bacon Toast (M),3.9,"Mon to Sun: 7.30 am to 10 pm
PH: Closed",North Spine Plaza,North Spine Plaza 76 Nanyang Drive N2.1-01-05 Singapore 637331,6314 0181,0,Waffle Platter (M),,999,3.8
North Spine Plaza,,Long John Silver's,Fast food,N,N,Chicken Sausage Toast (M),3.9,"Mon to Sun: 7.30 am to 10 pm
PH: Closed",North Spine Plaza,North Spine Plaza 76 Nanyang Drive N2.1-01-05 Singapore 637331,6314 0181,0,Waffle Platter (M),,999,3.8
North Spine Plaza,,Long John Silver's,Fast food,N,N,Waffle Platter (M),6.5,"Mon to Sun: 7.30 am to 10 pm
PH: Closed",North Spine Plaza,North Spine Plaza 76 Nanyang Drive N2.1-01-05 Singapore 637331,6314 0181,0,Waffle Platter (M),,999,3.8
North Spine Plaza,,McDonald's,Fast food,N,N,Filet O-fish Hamburger,2.5,"Mon to Sat: 7 am to 12 am 
Sun & PH: 10 am to 10 pm
Semester Break: 
Mon to Sat: 7 am to 10 pm
Sun & PH: 10 am to 10 pm",North Spine Plaza,North Spine Plaza 76 Nanyang Drive N2.1-01-08 Singapore 637331,6792 9917,0,Soft Serve Cone,,999,4.7
North Spine Plaza,,McDonald's,Fast food,N,N,Chicken Hamburger,2,"Mon to Sat: 7 am to 12 am 
Sun & PH: 10 am to 10 pm
Semester Break: 
Mon to Sat: 7 am to 10 pm
Sun & PH: 10 am to 10 pm",North Spine Plaza,North Spine Plaza 76 Nanyang Drive N2.1-01-08 Singapore 637331,6792 9917,0,Soft Serve Cone,,999,4.7
North Spine Plaza,,McDonald's,Fast food,Y,Y,Small Soft Drink,1,"Mon to Sat: 7 am to 12 am 
Sun & PH: 10 am to 10 pm
Semester Break: 
Mon to Sat: 7 am to 10 pm
Sun & PH: 10 am to 10 pm",North Spine Plaza,North Spine Plaza 76 Nanyang Drive N2.1-01-08 Singapore 637331,6792 9917,0,Soft Serve Cone,,999,4.7
North Spine Plaza,,McDonald's,Fast food,Y,Y,Soft Serve Cone,0.3,"Mon to Sat: 7 am to 12 am 
Sun & PH: 10 am to 10 pm
Semester Break: 
Mon to Sat: 7 am to 10 pm
Sun & PH: 10 am to 10 pm",North Spine Plaza,North Spine Plaza 76 Nanyang Drive N2.1-01-08 Singapore 637331,6792 9917,0,Soft Serve Cone,,999,4.7
North Spine Plaza,,McDonald's,Fast food,Y,Y,Garden Salad,2,"Mon to Sat: 7 am to 12 am 
Sun & PH: 10 am to 10 pm
Semester Break: 
Mon to Sat: 7 am to 10 pm
Sun & PH: 10 am to 10 pm",North Spine Plaza,North Spine Plaza 76 Nanyang Drive N2.1-01-08 Singapore 637331,6792 9917,0,Soft Serve Cone,,999,4.7
North Spine Plaza,,McDonald's,Fast food,Y,Y,Small Fries,1,"Mon to Sat: 7 am to 12 am 
Sun & PH: 10 am to 10 pm
Semester Break: 
Mon to Sat: 7 am to 10 pm
Sun & PH: 10 am to 10 pm",North Spine Plaza,North Spine Plaza 76 Nanyang Drive N2.1-01-08 Singapore 637331,6792 9917,0,Soft Serve Cone,,999,4.7
North Spine Plaza,,McDonald's,Fast food,N,N,Chicken 'n' Cheese,2,"Mon to Sat: 7 am to 12 am 
Sun & PH: 10 am to 10 pm
Semester Break: 
Mon to Sat: 7 am to 10 pm
Sun & PH: 10 am to 10 pm",North Spine Plaza,North Spine Plaza 76 Nanyang Drive N2.1-01-08 Singapore 637331,6792 9917,0,Soft Serve Cone,,999,4.7
North Spine Plaza,,McDonald's,Fast food,N,N,Double Cheese Burger,2,"Mon to Sat: 7 am to 12 am 
Sun & PH: 10 am to 10 pm
Semester Break: 
Mon to Sat: 7 am to 10 pm
Sun & PH: 10 am to 10 pm",North Spine Plaza,North Spine Plaza 76 Nanyang Drive N2.1-01-08 Singapore 637331,6792 9917,0,Soft Serve Cone,,999,4.7
North Spine Plaza,,Mr. Bean,Dessert,Y,Y,Soya Milk,0.2,"Mon to Fri: 7.30 am to 8.30 pm 
Sat: 7.30 am to 5 pm 
Sun & PH: Closed",North Spine Plaza,50 Nanyang Avenue NS3-01-16 Singapore 639798,,0,Soya Ice Cream (Cone),,20,4.3
North Spine Plaza,,Mr. Bean,Dessert,Y,Y,6 Pieces Pancake,6,"Mon to Fri: 7.30 am to 8.30 pm 
Sat: 7.30 am to 5 pm 
Sun & PH: Closed",North Spine Plaza,50 Nanyang Avenue NS3-01-16 Singapore 639798,,0,Soya Ice Cream (Cone),,20,4.3
North Spine Plaza,,Mr. Bean,Dessert,Y,Y,Soya Ice Cream (Cone),1.2,"Mon to Fri: 7.30 am to 8.30 pm 
Sat: 7.30 am to 5 pm 
Sun & PH: Closed",North Spine Plaza,50 Nanyang Avenue NS3-01-16 Singapore 639798,,0,Soya Ice Cream (Cone),,20,4.3
North Spine Plaza,,Mr. Bean,Dessert,Y,Y,Soy Bean Biscuit,2,"Mon to Fri: 7.30 am to 8.30 pm 
Sat: 7.30 am to 5 pm 
Sun & PH: Closed",North Spine Plaza,50 Nanyang Avenue NS3-01-16 Singapore 639798,,0,Soya Ice Cream (Cone),,20,4.3
North Spine Plaza,,Mr. Bean,Dessert,Y,Y,Soy Bean Coffee,2.5,"Mon to Fri: 7.30 am to 8.30 pm 
Sat: 7.30 am to 5 pm 
Sun & PH: Closed",North Spine Plaza,50 Nanyang Avenue NS3-01-16 Singapore 639798,,0,Soya Ice Cream (Cone),,20,4.3
North Spine Plaza,,North Spine Food Court,Chinese,N,N,Chicken Fried Rice,3.8,"Mon to Fri: 7 am to 9 pm 
Sat: 7 am to 3 pm 
Sun & PH: Closed",North Spine Plaza,North Spine Plaza 76 Nanyang Drive NS2.1-02-03/01A Singapore 637331,6465 8588,0,Chicken Fried Rice,,1838,4.8
North Spine Plaza,,North Spine Food Court,Chinese,N,N,Beef Rice,4.2,"Mon to Fri: 7 am to 9 pm 
Sat: 7 am to 3 pm 
Sun & PH: Closed",North Spine Plaza,North Spine Plaza 76 Nanyang Drive NS2.1-02-03/01A Singapore 637331,6465 8588,0,Chicken Fried Rice,,1838,4.8
North Spine Plaza,,North Spine Food Court,Chinese,N,N,Fish Rice,3.8,"Mon to Fri: 7 am to 9 pm 
Sat: 7 am to 3 pm 
Sun & PH: Closed",North Spine Plaza,North Spine Plaza 76 Nanyang Drive NS2.1-02-03/01A Singapore 637331,6465 8588,0,Chicken Fried Rice,,1838,4.8
North Spine Plaza,,North Spine Food Court,Chinese,N,N,Sea Food Hor Fun,3.8,"Mon to Fri: 7 am to 9 pm 
Sat: 7 am to 3 pm 
Sun & PH: Closed",North Spine Plaza,North Spine Plaza 76 Nanyang Drive NS2.1-02-03/01A Singapore 637331,6465 8588,0,Chicken Fried Rice,,1838,4.8
North Spine Plaza,,North Spine Food Court,Chinese,N,N,Shrimp Rice,3.8,"Mon to Fri: 7 am to 9 pm 
Sat: 7 am to 3 pm 
Sun & PH: Closed",North Spine Plaza,North Spine Plaza 76 Nanyang Drive NS2.1-02-03/01A Singapore 637331,6465 8588,0,Chicken Fried Rice,,1838,4.8
North Spine Plaza,,North Spine Food Court,Chinese,Y,N,Yong Tau Foo,5,"Mon to Fri: 7 am to 9 pm 
Sat: 7 am to 3 pm 
Sun & PH: Closed",North Spine Plaza,North Spine Plaza 76 Nanyang Drive NS2.1-02-03/01A Singapore 637331,6465 8588,0,Yong Tau Foo,,1838,4.8
North Spine Plaza,,North Spine Food Court,Chinese,N,N,Roasted Chicken Rice,3,"Mon to Fri: 7 am to 9 pm 
Sat: 7 am to 3 pm 
Sun & PH: Closed",North Spine Plaza,North Spine Plaza 76 Nanyang Drive NS2.1-02-03/01A Singapore 637331,6465 8588,0,Steamed Chicken Rice,,1838,4.8
North Spine Plaza,,North Spine Food Court,Chinese,N,N,Roasted Chicken Rice with eggs,3.6,"Mon to Fri: 7 am to 9 pm 
Sat: 7 am to 3 pm 
Sun & PH: Closed",North Spine Plaza,North Spine Plaza 76 Nanyang Drive NS2.1-02-03/01A Singapore 637331,6465 8588,0,Steamed Chicken Rice,,1838,4.8
North Spine Plaza,,North Spine Food Court,Chinese,N,N,Lemon Chicken Rice,3,"Mon to Fri: 7 am to 9 pm 
Sat: 7 am to 3 pm 
Sun & PH: Closed",North Spine Plaza,North Spine Plaza 76 Nanyang Drive NS2.1-02-03/01A Singapore 637331,6465 8588,0,Steamed Chicken Rice,,1838,4.8
North Spine Plaza,,North Spine Food Court,Chinese,N,N,Steamed Chicken Rice,3,"Mon to Fri: 7 am to 9 pm 
Sat: 7 am to 3 pm 
Sun & PH: Closed",North Spine Plaza,North Spine Plaza 76 Nanyang Drive NS2.1-02-03/01A Singapore 637331,6465 8588,0,Steamed Chicken Rice,,1838,4.8
North Spine Plaza,,North Spine Food Court,Chinese,N,N,Chicken Noodle,3,"Mon to Fri: 7 am to 9 pm 
Sat: 7 am to 3 pm 
Sun & PH: Closed",North Spine Plaza,North Spine Plaza 76 Nanyang Drive NS2.1-02-03/01A Singapore 637331,6465 8588,0,Steamed Chicken Rice,,1838,4.8
North Spine Plaza,,North Spine Food Court,Chinese,N,N,Chicken Soup,3,"Mon to Fri: 7 am to 9 pm 
Sat: 7 am to 3 pm 
Sun & PH: Closed",North Spine Plaza,North Spine Plaza 76 Nanyang Drive NS2.1-02-03/01A Singapore 637331,6465 8588,0,Steamed Chicken Rice,,1838,4.8
North Spine Plaza,,North Spine Food Court,Chinese,N,N,Fish Noodle,4.2,"Mon to Fri: 7 am to 9 pm 
Sat: 7 am to 3 pm 
Sun & PH: Closed",North Spine Plaza,North Spine Plaza 76 Nanyang Drive NS2.1-02-03/01A Singapore 637331,6465 8588,0,Spicy Noodle,,1838,4.8
North Spine Plaza,,North Spine Food Court,Chinese,N,N,Spicy Noodle,4,"Mon to Fri: 7 am to 9 pm 
Sat: 7 am to 3 pm 
Sun & PH: Closed",North Spine Plaza,North Spine Plaza 76 Nanyang Drive NS2.1-02-03/01A Singapore 637331,6465 8588,0,Spicy Noodle,,1838,4.8
North Spine Plaza,,North Spine Food Court,Chinese,N,N,Roasted Duck Rice,2.8,"Mon to Fri: 7 am to 9 pm 
Sat: 7 am to 3 pm 
Sun & PH: Closed",North Spine Plaza,North Spine Plaza 76 Nanyang Drive NS2.1-02-03/01A Singapore 637331,6465 8588,0,Roasted Duck Noodle,,1838,4.8
North Spine Plaza,,North Spine Food Court,Chinese,N,N,Roasted Duck Noodle,2.8,"Mon to Fri: 7 am to 9 pm 
Sat: 7 am to 3 pm 
Sun & PH: Closed",North Spine Plaza,North Spine Plaza 76 Nanyang Drive NS2.1-02-03/01A Singapore 637331,6465 8588,0,Roasted Duck Noodle,,1838,4.8
North Spine Plaza,,North Spine Food Court,Western,N,N,Beef Stake,5,"Mon to Fri: 7 am to 9 pm 
Sat: 7 am to 3 pm 
Sun & PH: Closed",North Spine Plaza,North Spine Plaza 76 Nanyang Drive NS2.1-02-03/01A Singapore 637331,6465 8588,0,Beef Stake,,1838,4.8
North Spine Plaza,,North Spine Food Court,Western,N,N,Pasta,4.5,"Mon to Fri: 7 am to 9 pm 
Sat: 7 am to 3 pm 
Sun & PH: Closed",North Spine Plaza,North Spine Plaza 76 Nanyang Drive NS2.1-02-03/01A Singapore 637331,6465 8588,0,Beef Stake,,1838,4.8
North Spine Plaza,,North Spine Food Court,Western,N,N,Tomato Beef,6,"Mon to Fri: 7 am to 9 pm 
Sat: 7 am to 3 pm 
Sun & PH: Closed",North Spine Plaza,North Spine Plaza 76 Nanyang Drive NS2.1-02-03/01A Singapore 637331,6465 8588,0,Beef Stake,,1838,4.8
North Spine Plaza,,North Spine Food Court,Indian,Y,N,Chicken Fried Rice,4,"Mon to Fri: 7 am to 9 pm 
Sat: 7 am to 3 pm 
Sun & PH: Closed",North Spine Plaza,North Spine Plaza 76 Nanyang Drive NS2.1-02-03/01A Singapore 637331,6465 8588,0,Chicken Fried Rice,,1838,4.8
North Spine Plaza,,North Spine Food Court,Asian,N,N,Mixed Rice: 1 Meat + 1 Veg + Rice,2.4,"Mon to Fri: 7 am to 9 pm 
Sat: 7 am to 3 pm 
Sun & PH: Closed",North Spine Plaza,North Spine Plaza 76 Nanyang Drive NS2.1-02-03/01A Singapore 637331,6465 8588,0,Mixed Rice: 1 Meat + 1 Veg + Rice,,1838,4.8
North Spine Plaza,,North Spine Food Court,Asian,N,N,Mixed Rice: 1 Meat + 2 Veg + Rice,3,"Mon to Fri: 7 am to 9 pm 
Sat: 7 am to 3 pm 
Sun & PH: Closed",North Spine Plaza,North Spine Plaza 76 Nanyang Drive NS2.1-02-03/01A Singapore 637331,6465 8588,0,Mixed Rice: 1 Meat + 1 Veg + Rice,,1838,4.8
North Spine Plaza,,North Spine Food Court,Asian,N,N,Mixed Rice: 1 Fish + 1 Veg,3,"Mon to Fri: 7 am to 9 pm 
Sat: 7 am to 3 pm 
Sun & PH: Closed",North Spine Plaza,North Spine Plaza 76 Nanyang Drive NS2.1-02-03/01A Singapore 637331,6465 8588,0,Mixed Rice: 1 Meat + 1 Veg + Rice,,1838,4.8
North Spine Plaza,,North Spine Food Court,Vietnamese,N,N,Pho,4.8,"Mon to Fri: 7 am to 9 pm 
Sat: 7 am to 3 pm 
Sun & PH: Closed",North Spine Plaza,North Spine Plaza 76 Nanyang Drive NS2.1-02-03/01A Singapore 637331,6465 8588,0,Beef Noodle,,1838,4.8
North Spine Plaza,,North Spine Food Court,Vietnamese,N,N,Beef Noodle,5,"Mon to Fri: 7 am to 9 pm 
Sat: 7 am to 3 pm 
Sun & PH: Closed",North Spine Plaza,North Spine Plaza 76 Nanyang Drive NS2.1-02-03/01A Singapore 637331,6465 8588,0,Beef Noodle,,1838,4.8
North Spine Plaza,,North Spine Food Court,Western,N,N,Pasta,4.2,"Mon to Fri: 7 am to 9 pm 
Sat: 7 am to 3 pm 
Sun & PH: Closed",North Spine Plaza,North Spine Plaza 76 Nanyang Drive NS2.1-02-03/01A Singapore 637331,6465 8588,0,Pasta,,1838,4.8
North Spine Plaza,,Paik's Bibim,Korean,N,N,Teriyaki Chicken,4.9,"Mon to Fri: 10 am to 9 pm 
Sat: 10 am to 3 pm 
Sun & PH: Closed",North Spine Plaza,50 Nanyang Avenue NS3-01-15 Singapore 639798,6262 0567,0,Teriyaki Chicken,,40,3
North Spine Plaza,,Paik's Bibim,Korean,N,N,Korean Rice Cake,4.9,"Mon to Fri: 10 am to 9 pm 
Sat: 10 am to 3 pm 
Sun & PH: Closed",North Spine Plaza,50 Nanyang Avenue NS3-01-15 Singapore 639798,6262 0567,0,Teriyaki Chicken,,40,3
North Spine Plaza,,Paik's Bibim,Korean,N,N,Chicken Fried Rice ,5.9,"Mon to Fri: 10 am to 9 pm 
Sat: 10 am to 3 pm 
Sun & PH: Closed",North Spine Plaza,50 Nanyang Avenue NS3-01-15 Singapore 639798,6262 0567,0,Teriyaki Chicken,,40,3
North Spine Plaza,,Peach Garden Chinese Restaurant,Chinese,N,N,Steamed Chicken Rice,13.8,Daily: 11am to 2.30pm / 5pm to 10pm,North Spine Plaza,North Spine Plaza 76 Nanyang Drive N2.1-02-01B Singapore 637331,6219 9398,0,Steamed Chicken Rice,,180,3.1
North Spine Plaza,,PEN & INC,American,N,N,Chicken Hamburger,4,"Mon, Tue, Wed & Fri: 11 am to 11 pm
Thu: 11 am to 12 am 
Sat: 11 am to 5 pm 
Sun & PH: Closed",North Spine Plaza,North Spine Plaza 76 Nanyang Drive NS2.1-01-01 Singapore 637331,6314 0158,0,Salmon Steak,,144,3.4
North Spine Plaza,,PEN & INC,American,N,N,Beef Hamburger,5,"Mon, Tue, Wed & Fri: 11 am to 11 pm
Thu: 11 am to 12 am 
Sat: 11 am to 5 pm 
Sun & PH: Closed",North Spine Plaza,North Spine Plaza 76 Nanyang Drive NS2.1-01-01 Singapore 637331,6314 0158,0,Salmon Steak,,144,3.4
North Spine Plaza,,PEN & INC,American,N,N,Salmon Steak,4.5,"Mon, Tue, Wed & Fri: 11 am to 11 pm
Thu: 11 am to 12 am 
Sat: 11 am to 5 pm 
Sun & PH: Closed",North Spine Plaza,North Spine Plaza 76 Nanyang Drive NS2.1-01-01 Singapore 637331,6314 0158,0,Salmon Steak,,144,3.4
North Spine Plaza,,Pizza Hut Express,American,Y,N,Pizza,27,"Mon to Fri: 11 am to 10 pm 
Sat: 11 am to 9 pm 
Sun & PH: 11 am to 8 pm",North Spine Plaza,North Spine Plaza 76 Nanyang Drive N2.1-01-04 Singapore 637331,6762 6124,0,Pizza,,999,2.9
North Spine Plaza,,Starbucks Coffee,American,Y,Y,Café Mocha,3.45,"Mon to Fri: 7 am to 10 pm 
Sat & Sun: 7 am to 5 pm 
PH: Closed",North Spine Plaza,North Spine Plaza 76 Nanyang Drive N2.1-01-06 Singapore 637331,6910 1245,0,Café Mocha,,999,4
North Spine Plaza,,Starbucks Coffee,American,Y,Y,Americano,2.15,"Mon to Fri: 7 am to 10 pm 
Sat & Sun: 7 am to 5 pm 
PH: Closed",North Spine Plaza,North Spine Plaza 76 Nanyang Drive N2.1-01-06 Singapore 637331,6910 1245,0,Café Mocha,,999,4
North Spine Plaza,,Starbucks Coffee,American,Y,Y,Cappuccino,2.95,"Mon to Fri: 7 am to 10 pm 
Sat & Sun: 7 am to 5 pm 
PH: Closed",North Spine Plaza,North Spine Plaza 76 Nanyang Drive N2.1-01-06 Singapore 637331,6910 1245,0,Café Mocha,,999,4
North Spine Plaza,,Subway,American,N,N,Roasted Chicken,4.25,"Mon to Fri: 8 am to 9 pm 
Sat & Sun: 11 am to 6 pm 
PH: Closed",North Spine Plaza,North Spine Plaza 76 Nanyang Drive N2.1-01-07 Singapore 637331,6462 5238,0,Veggie Delight,,999,4.1
North Spine Plaza,,Subway,American,N,N,Veggie Delight,3.75,"Mon to Fri: 8 am to 9 pm 
Sat & Sun: 11 am to 6 pm 
PH: Closed",North Spine Plaza,North Spine Plaza 76 Nanyang Drive N2.1-01-07 Singapore 637331,6462 5238,0,Veggie Delight,,999,4.1
North Spine Plaza,,Subway,American,N,N,Turkey Breast,4.25,"Mon to Fri: 8 am to 9 pm 
Sat & Sun: 11 am to 6 pm 
PH: Closed",North Spine Plaza,North Spine Plaza 76 Nanyang Drive N2.1-01-07 Singapore 637331,6462 5238,0,Veggie Delight,,999,4.1
North Spine Plaza,,The Sandwich Guys,American,N,N,BBQ Pulled Pork,4,"Mon to Fri: 10 am to 8 pm 
Sat : 10 am to 3 pm 
Sun & PH: Closed",North Spine Plaza,North Spine Plaza 50 Nanyang Avenue NS3-01-22 Singapore 639798,9099 1412,0,BBQ Pulled Pork,,20,3.9
North Spine Plaza,,The Sandwich Guys,American,N,N,Philly Cheeseteak,4.5,"Mon to Fri: 10 am to 8 pm 
Sat : 10 am to 3 pm 
Sun & PH: Closed",North Spine Plaza,North Spine Plaza 50 Nanyang Avenue NS3-01-22 Singapore 639798,9099 1412,0,BBQ Pulled Pork,,20,3.9
North Spine Plaza,,The Sandwich Guys,American,N,N,Cajun Grilled Chicken,4,"Mon to Fri: 10 am to 8 pm 
Sat : 10 am to 3 pm 
Sun & PH: Closed",North Spine Plaza,North Spine Plaza 50 Nanyang Avenue NS3-01-22 Singapore 639798,9099 1412,0,BBQ Pulled Pork,,20,3.9
North Spine Plaza,,The Soup Spoon Union,American,N,N,Chicken Breast,8.9,"Mon to Fri: 11 am to 9 pm 
Sat: 11 am to 3 pm 
Sun & PH: Closed",North Spine Plaza,North Spine Plaza 50 Nanyang Avenue NS3-01-14 Singapore 639798,6268 7566,0,Chicken Breast,,104,4.2
North Spine Plaza,,The Soup Spoon Union,American,N,N,Chicken Bratwurst Sausages,11.6,"Mon to Fri: 11 am to 9 pm 
Sat: 11 am to 3 pm 
Sun & PH: Closed",North Spine Plaza,North Spine Plaza 50 Nanyang Avenue NS3-01-14 Singapore 639798,6268 7566,0,Chicken Breast,,104,4.2
North Spine Plaza,,The Soup Spoon Union,American,N,N,Grilled Salmon Filet,15.3,"Mon to Fri: 11 am to 9 pm 
Sat: 11 am to 3 pm 
Sun & PH: Closed",North Spine Plaza,North Spine Plaza 50 Nanyang Avenue NS3-01-14 Singapore 639798,6268 7566,0,Chicken Breast,,104,4.2
Koufu @ South Spine,,Yong Tau Foo,Chinese,Y,N,"Yong Tau Foo (5 pieces) 
with Rice/ Noodles",4,"Mon to Fri: 7 am to 9 pm 
Sat: 7 am to 3 pm 
PH: Open (except Sun)",South Spine,50 Nanyang Avenue SS3-B4 Singapore 639798,6790 0355,0,"Yong Tau Foo (5 pieces) 
with Rice/ Noodles",,1050,4.7
Koufu @ South Spine,,Fish Soup & Ban Mian,Chinese,Y,N,Ban Mian/ U Mian/ Mee Hoon Kway,2.9,"Mon to Fri: 7 am to 9 pm 
Sat: 7 am to 3 pm 
PH: Open (except Sun)",South Spine,50 Nanyang Avenue SS3-B4 Singapore 639798,6790 0355,0,Bee Hoon/ Thick Bee Hoon,,1050,4.7
Koufu @ South Spine,,Fish Soup & Ban Mian,Chinese,Y,N,Bee Hoon/ Thick Bee Hoon,2.9,"Mon to Fri: 7 am to 9 pm 
Sat: 7 am to 3 pm 
PH: Open (except Sun)",South Spine,50 Nanyang Avenue SS3-B4 Singapore 639798,6790 0355,0,Bee Hoon/ Thick Bee Hoon,,1050,4.7
Koufu @ South Spine,,Indian Cuisine,Indian,Y,N,Poori Set,2.5,"Mon to Fri: 7 am to 9 pm 
Sat: 7 am to 3 pm 
PH: Open (except Sun)",South Spine,50 Nanyang Avenue SS3-B4 Singapore 639798,6790 0355,0,Chapati Set,,1050,4.7
Koufu @ South Spine,,Indian Cuisine,Indian,Y,N,Chapati Set,3,"Mon to Fri: 7 am to 9 pm 
Sat: 7 am to 3 pm 
PH: Open (except Sun)",South Spine,50 Nanyang Avenue SS3-B4 Singapore 639798,6790 0355,0,Chapati Set,,1050,4.7
Koufu @ South Spine,,Chicken Rice,Chinese,N,N,Steamed Chicken Rice,2.5,"Mon to Fri: 7 am to 9 pm 
Sat: 7 am to 3 pm 
PH: Open (except Sun)",South Spine,50 Nanyang Avenue SS3-B4 Singapore 639798,6790 0355,0,Roasted Duck Rice,,1050,4.7
Koufu @ South Spine,,Chicken Rice,Chinese,N,N,Roasted Duck Rice,3,"Mon to Fri: 7 am to 9 pm 
Sat: 7 am to 3 pm 
PH: Open (except Sun)",South Spine,50 Nanyang Avenue SS3-B4 Singapore 639798,6790 0355,0,Roasted Duck Rice,,1050,4.7
Koufu @ South Spine,,Chicken Rice,Chinese,N,N,Lemon Chicken Rice,2.5,"Mon to Fri: 7 am to 9 pm 
Sat: 7 am to 3 pm 
PH: Open (except Sun)",South Spine,50 Nanyang Avenue SS3-B4 Singapore 639798,6790 0355,0,Roasted Duck Rice,,1050,4.7
Koufu @ South Spine,,Vegetarian,Chinese,N,Y,Vegetarian Hor Fun,2.8,"Mon to Fri: 7 am to 9 pm 
Sat: 7 am to 3 pm 
PH: Open (except Sun)",South Spine,50 Nanyang Avenue SS3-B4 Singapore 639798,6790 0355,0,Vegetarian Hor Fun,,1050,4.7
Koufu @ South Spine,,Vegetarian,Chinese,N,Y,Vegetarian Lontong,2.5,"Mon to Fri: 7 am to 9 pm 
Sat: 7 am to 3 pm 
PH: Open (except Sun)",South Spine,50 Nanyang Avenue SS3-B4 Singapore 639798,6790 0355,0,Vegetarian Hor Fun,,1050,4.7
Koufu @ South Spine,,Vegetarian,Chinese,N,Y,Vegetarian Lor Mee,2.5,"Mon to Fri: 7 am to 9 pm 
Sat: 7 am to 3 pm 
PH: Open (except Sun)",South Spine,50 Nanyang Avenue SS3-B4 Singapore 639798,6790 0355,0,Vegetarian Hor Fun,,1050,4.7
Koufu @ South Spine,,Mixed Rice,Chinese,N,N,Mixed Rice: 1 Meat + 1 Veg + 1 Rice,3,"Mon to Fri: 7 am to 9 pm 
Sat: 7 am to 3 pm 
PH: Open (except Sun)",South Spine,50 Nanyang Avenue SS3-B4 Singapore 639798,6790 0355,0,Mixed Rice: 1 Meat + 1 Veg + 1 Rice,,1050,4.7
Koufu @ South Spine,,Mixed Rice,Chinese,N,N,Mixed Rice: 2 Veg + 1 Rice,3,"Mon to Fri: 7 am to 9 pm 
Sat: 7 am to 3 pm 
PH: Open (except Sun)",South Spine,50 Nanyang Avenue SS3-B4 Singapore 639798,6790 0355,0,Mixed Rice: 1 Meat + 1 Veg + 1 Rice,,1050,4.7
Koufu @ South Spine,,Noodles,Asian,N,N,Bean Paste Noodle,3,"Mon to Fri: 7 am to 9 pm 
Sat: 7 am to 3 pm 
PH: Open (except Sun)",South Spine,50 Nanyang Avenue SS3-B4 Singapore 639798,6790 0355,0,Yee Mee / Mee Sua,,1050,4.7
Koufu @ South Spine,,Noodles,Asian,N,N,Beef Noodle,3,"Mon to Fri: 7 am to 9 pm 
Sat: 7 am to 3 pm 
PH: Open (except Sun)",South Spine,50 Nanyang Avenue SS3-B4 Singapore 639798,6790 0355,0,Yee Mee / Mee Sua,,1050,4.7
Koufu @ South Spine,,Noodles,Asian,N,N,Yee Mee / Mee Sua,2.9,"Mon to Fri: 7 am to 9 pm 
Sat: 7 am to 3 pm 
PH: Open (except Sun)",South Spine,50 Nanyang Avenue SS3-B4 Singapore 639798,6790 0355,0,Yee Mee / Mee Sua,,1050,4.7
Food Court 1,,Roasted Duck,Chinese,N,N,Roasted Duck Rice,3.3,,,,,,,,,3.5
Food Court 1,,Roasted Duck,Chinese,N,N,Char Siew Noodle,2.8,,,,,,,,,3.5
Food Court 1,,Roasted Duck,Chinese,N,N,Char Siew Rice,2.8,,,,,,,,,3.5
Food Court 1,,Roasted Duck,Chinese,N,N,Roasted Meat Rice,2.8,,,,,,,,,3.5
Food Court 1,,Roasted Duck,Chinese,N,N,Roasted Duck Noodle,3.3,,,,,,,,,3.5
Food Court 1,,VINFOO western,Western,N,N,Chicken Chop Rice,4.8,,,,,,,,,3.5
Food Court 1,,VINFOO western,Western,N,N,Chicken Cutlet Rice,4.8,,,,,,,,,3.5
Food Court 1,,VINFOO western,Western,N,N,Fish & Chips,4.8,,,,,,,,,3.5
Food Court 1,,VINFOO western,Western,N,N,Chicken Popcorn Rice,4.8,,,,,,,,,3.5
Food Court 1,,VINFOO western,Western,N,N,Sausage Rice,4.8,,,,,,,,,3.5
Food Court 1,,Pigs organ soup,Chinese,N,N,Lean Meat Soup,4,,,,,,,,,3.5
Food Court 1,,Pigs organ soup,Chinese,N,N,Sliced Fish Soup,3.8,,,,,,,,,3.5
Food Court 1,,Pigs organ soup,Chinese,N,N,Meatball Soup,4,,,,,,,,,3.5
Food Court 1,,Pigs organ soup,Chinese,N,N,Pig's Liver Soup,4,,,,,,,,,3.5
Food Court 1,,Pigs organ soup,Chinese,N,N,Assorted Soup,3.8,,,,,,,,,3.5
Food Court 1,,Ban mian,Chinese,N,N,Ban mian soup,3,,,,,,,,,3.5
Food Court 1,,Ban mian,Chinese,N,N,Ban mian Dry,3,,,,,,,,,3.5
Food Court 1,,Ban mian,Chinese,N,N,Tom Yam Ban mian,3,,,,,,,,,3.5
Food Court 1,,Ban mian,Chinese,N,N,Dumpling soup,3.8,,,,,,,,,3.5
Food Court 1,,Ban mian,Chinese,N,N,Sliced Fish Soup,3.8,,,,,,,,,3.5
Food Court 1,,Mixed Rice,Chinese,N,N,1 Fish 1 Meat ,4,,,,,,,,,3.5
Food Court 1,,Mixed Rice,Chinese,N,N,1 Meat 1 Veg,2.4,,,,,,,,,3.5
Food Court 1,,Mixed Rice,Chinese,N,N,3 Veg,2.3,,,,,,,,,3.5
Food Court 1,,Mixed Rice,Chinese,N,N,2 Veg 2 Meat,3.2,,,,,,,,,3.5
Food Court 1,,Mixed Rice,Chinese,N,N,Porridge,1.5,,,,,,,,,3.5
Food Court 1,,Menya Tenkashi,Japanese,N,N,Japanese Fried Chicken Curry Rice,5,,,,,,,,,3.5
Food Court 1,,Menya Tenkashi,Japanese,N,N,Tonkotsu Special Ramen,6.8,,,,,,,,,3.5
Food Court 1,,Menya Tenkashi,Japanese,N,N,Tonkatsu Curry Rice,5.2,,,,,,,,,3.5
Food Court 1,,Menya Tenkashi,Japanese,N,N,Tonkatsu Vegetable Ramen,5,,,,,,,,,3.5
Food Court 1,,Menya Tenkashi,Japanese,N,N,Tonkotsu Black Ramen (Garlic),6,,,,,,,,,3.5
Food Court 1,,Dams Western,Western,N,N,Sambal Spaghetti,4.6,,,,,,,,,3.5
Food Court 1,,Dams Western,Western,N,N,Miso Cream Pasta,4.6,,,,,,,,,3.5
Food Court 1,,Dams Western,Western,N,N,Grilled Chicken with Satay Sauce,5.8,,,,,,,,,3.5
Food Court 1,,Dams Western,Western,N,N,Chicken Katsu Don,6,,,,,,,,,3.5
Food Court 1,,Dams Western,Western,N,N,Beed Fries ,4.8,,,,,,,,,3.5
Food Court 2,,Malay Food,Malaysian,Y,N,Nasi Goreng,4,,,,,,,,,4
Food Court 2,,Indian Delicacy,Indian,Y,Y,Thosai,2,,,,,,,,,4
Food Court 2,,Xiao Long Bao,Chinese,N,N,Xiao Long Bao,4.3,,,,,,,,,4
Food Court 2,,Ayam Penyet,Malaysian,Y,N,Ayam Penyet,4.5,,,,,,,,,4
Food Court 2,,Waffles,Dessert,N,Y,Ice Cream Waffles ,2.5,,,,,,,,,4
Food Court 2,,Chicken Rice,Chinese,N,N,Roasted Chicken Rice,2.8,,,,,,,,,4
Food Court 2,,Chicken Rice,Chinese,N,N,Steamed Chicken Rice,2.8,,,,,,,,,4
Food Court 2,,Yong Tau Foo,Chinese,N,N,Yong Tau Foo,4,,,,,,,,,4
Food Court 9,,Tze Char,Chinese,N,N,Tze Char ,3,,,,,,,,,3
Food Court 9,,Mala,Chinese,N,N,Mala,3,,,,,,,,,3
Food Court 9,,Muslim Food,Malaysian,Y,N,Mee Soto,2.5,,,,,,,,,3
Food Court 9,,Muslim Food,Malaysian,Y,N,Lontong,2.5,,,,,,,,,3
Food Court 9,,Muslim Food,Malaysian,Y,N,Mee Rebus,2.5,,,,,,,,,3
Food Court 9,,Indian,Indian,Y ,Y,Vege Rice Set,3,,,,,,,,,3
Food Court 9,,Indian,Indian,Y ,N,Chicken Briyani Set,3,,,,,,,,,3
Food Court 9,,Fish Soup,Chinese,N,N,Fried Fish Soup,3,,,,,,,,,3
Food Court 9,,Fish Soup,Chinese,N,N,Sliced Fish Soup,3,,,,,,,,,3
Food Court 9,,Chicken Rice And Noodle,Chinese,N,N,Roasted Chicken Rice,3,,,,,,,,,3
Food Court 9,,Chicken Rice And Noodle,Chinese,N,N,Steamed Chicken Rice,3,,,,,,,,,3
Food Court 11,,Waffles,Dessert,Y,Y,Ice Cream Waffles ,2,,,,,,,,,2
Food Court 11,,Sichuan Fragrant Garden,Chinese,N,N,Ma La Xiang Guo,4.8,,,,,,,,,2
Food Court 11,,Sichuan Fragrant Garden,Chinese,N,N,Beancurd Shredded Pork,5.5,,,,,,,,,2
Food Court 11,,Sichuan Fragrant Garden,Chinese,N,N,Boiled Chicken ,5,,,,,,,,,2
Food Court 11,,Sichuan Fragrant Garden,Chinese,N,N,Fried Rice,2.5,,,,,,,,,2
Food Court 11,,Xian Noodles,Chinese,N,N,Biang Biang Noodle,3,,,,,,,,,2
Food Court 11,,Western,Western,N,N,Fish & Chips,3.5,,,,,,,,,2
Food Court 11,,Prawn Noodles,Chinese,N,N,Prawn Noodles,2.5,,,,,,,,,2
Food Court 13,,Noodles,Chinese,N,N,Prawn Noodles,2.4,,,,,,,,,3
Food Court 13,,Noodles,Chinese,N,N,Mushroom Minced Meat Noodles,2.5,,,,,,,,,3
Food Court 13,,Burnz Western Cuisine,Western,N,N,Fish & Chips,6,,,,,,,,,3
Food Court 13,,Burnz Western Cuisine,Western,N,N,Black Pepper Chicken,6,,,,,,,,,3
Food Court 13,,Yong Tau Foo,Chinese,N,N,Yong Tau Foo,4,,,,,,,,,3
Food Court 13,,Muslim Food,Malaysian,Y,N,Nasi Padang,4,,,,,,,,,3
Food Court 13,,Muslim Food,Malaysian,Y,N,Mee Rebus,3.5,,,,,,,,,3
Food Court 13,,Muslim Food,Malaysian,Y,N,Mee Soto,3.5,,,,,,,,,3
Food Court 13,,Indian Food,Indian,Y,Y,Prata,2,,,,,,,,,3
Food Court 13,,Indian Food,Indian,Y,N,Mutton Briyani,4.5,,,,,,,,,3
Food Court 13,,Indian Food,Indian,Y,N,Chicken Briyani Set,4,,,,,,,,,3
Food Court 13,,Takashi Menya Japanese,Japanese,N,N,Japanese Tonkatsu Original Curry Rice,5,,,,,,,,,3
Food Court 14,,Big Harvest Noodle,Chinese,N,N,Bee Hoon Kway,2.8,,,,,,,,,3
Food Court 14,,Big Harvest Noodle,Chinese,N,N,Sliced Fish Soup,3,,,,,,,,,3
Food Court 14,,Big Harvest Noodle,Chinese,N,N,Fried Fish Soup,3,,,,,,,,,3
Food Court 14,,Big Harvest Noodle,Chinese,N,N,Beef Noodle,3.5,,,,,,,,,3
Food Court 14,,Big Harvest Noodle,Chinese,N,N,Big Prawn Noodle,4,,,,,,,,,3
Food Court 14,,Taiwanese,Taiwanese,N,N,XL Large Chicken Chop Rice,5,,,,,,,,,3
Food Court 14,,Taiwanese,Taiwanese,N,N,Taiwanese Braised Pork Rice,3.8,,,,,,,,,3
Food Court 14,,Mini Wok,Chinese,N,N,Kung Bao Chicken Rice,3.5,,,,,,,,,3
Food Court 14,,Mini Wok,Chinese,N,N,Beef Hor Fun,4.5,,,,,,,,,3
Food Court 14,,Mini Wok,Chinese,N,N,Sambal Fish Fillet Rice,4,,,,,,,,,3
Food Court 14,,Mini Wok,Chinese,N,N,Black Pepper Chicken Rice,4,,,,,,,,,3
Food Court 14,,Roasted Chicken,Chinese,N,N,Roasted Chicken Rice,3.5,,,,,,,,,3
Food Court 14,,Roasted Chicken,Chinese,N,N,Steamed Chicken Rice,3.5,,,,,,,,,3
Food Court 14,,Malay Food,Malaysian,Y,N,Mee Rebus,2.8,,,,,,,,,3
Food Court 14,,Malay Food,Malaysian,Y,N,Mee Soto,2.8,,,,,,,,,3
Food Court 14,,Malay Food,Malaysian,Y,N,Lontong,2.8,,,,,,,,,3
Food Court 14,,Indian Food,Indian,Y,Y,Thosai,1.8,,,,,,,,,3
Food Court 14,,Indian Food,Indian,Y,Y,Prata,1.8,,,,,,,,,3
Food Court 16,,Tonkatsu Ramen,Japanese,N,N,Tonkotsu Ramen,5.8,,,,,,,,,3
Food Court 16,,Mixed Rice,Chinese,N,N,1 Meat 2 Veg,2.5,,,,,,,,,3
Food Court 16,,Mixed Rice,Chinese,N,N,2 Meat 1 Veg,3,,,,,,,,,3
Food Court 16,,Indian,Indian,Y,Y,Chapati 2 Veg,3,,,,,,,,,3
Food Court 16,,Vegetarian Food,Chinese,Y,Y,Vegetarian Bee Hoon,3,,,,,,,,,3
Food Court 16,,Korean Food,Korean,N,N,Korean Ramyeon,3,,,,,,,,,3
Food Court 16,,Fish Ball Noodles,Chinese,N,N,Fishball Soup,2.9,,,,,,,,,3
Food Court 16,,Fish Ball Noodles,Chinese,N,N,Teochew Fishball Minced Pork Noodle Soup,2.8,,,,,,,,,3
Food Court 16,,Fish Ball Noodles,Chinese,N,N,Teochew Fishball Minced Pork Noodle Dry,2.8,,,,,,,,,3
